name,email,phone,address,website
Russell Crane Service Inc,mailto:rhuylar@aol.com,(509) 457-6341,"1008 N. 1st Street
Yakima, WA 98901",http://www.russellcrane.com/
Kraft Construction,mailto:jeffkraft@gmail.com,(844) 533-6141,"4001 Summitview Ave
Yakima, WA 98908",no website
Yakima Contracting,mailto:davidweggleston@gmail.com,(509) 941-2846,"513 S Naches Ave
Yakima, WA 98901",no website
Systems West Construction,mailto:kim@systemswest.us,(509) 855-4307,"7810 Andrews St NE
Moses Lake, WA 98837",http://www.systemswest.org/
Mountain States Const Co,mailto:angie@mtstates.com,(509) 643-4135,"803 Scoon Rd
Sunnyside, WA 98944",http://www.mtstates.com/
Concord Construction Inc,mailto:sharony@concordconstructioninc.com,(509) 388-9392,"8557 Lateral B Rd
Wapato, WA 98951",http://concordconstructioninc.com/
KJ's Sand Gravel Topsoil & Concrete,mailto:heilmanjulie@hotmail.com,(509) 877-4713,"1062 Nightingale Rd
Wapato, WA 98951",http://www.kjssandandgravel.net/
A-1 Sewer Service,mailto:valleyseptic@valley-septic.com,(509) 902-6045,no address,http://valley-septic.com/
Friendship Builders,mailto:busterson2@yahoo.com,(509) 972-0390,"9400 Tieton Dr.
Yakima, WA 98908",no website
State Wide Contracting,mailto:ginos@gmail.com,(509) 985-1339,"2008 North 1st Street
Yakima, WA 98901",no website
Lacy Roofing Inc,mailto:lacyroofing@hotmail.com,(509) 965-0256,"1806 Birch St
Yakima, WA 98901",no website
Fickel & Son Construction Inc,no email,(509) 248-9275,"308 N 32nd Ave
Yakima, WA 98902",no website
Mollett Construction,no email,(509) 966-0699,"8909 Summitview Ave
Yakima, WA 98908",no website
R & M Construction,mailto:famrmkk@msn.com,(509) 930-4529,"7902 W Mead Ave
Yakima, WA 98908",no website
Baxter Construction,no email,(509) 452-2464,"1703 University Pkwy
Yakima, WA 98901",http://www.baxterconstruction.net/
Barn Masters,mailto:jack@barnmastersusa.com,(509) 457-3548,"1909 Ekelman Rd
Yakima, WA 98901",https://www.barnmasters.com/
Upscale Construction LLC,mailto:nickwag1983@gmail.com,(509) 961-7090,"10111 Meadowbrook Rd
Yakima, WA 98903",no website
CP Mechanical,no email,(509) 426-2069,"12 S 6th Ave
Yakima, WA 98902",http://cpmechanicalhvac.com/
Smith Construction,mailto:Scott@ssmithconstruction.com,(509) 853-1200,"1320 N 16th Ave #Suite A
Yakima, WA 98902",no website
DaBella,no email,(509) 588-0762,"3999 Englewood Ave # 220
Yakima, WA 98902",https://dabella.us/location/yakima
DaBella,mailto:customerservice@dabella.us,(509) 588-0762,"1200 Chesterly Dr Ste 160
Yakima, WA 98902",https://dabella.us/location/yakima
Bruco construction,mailto:Brucobilt@outlook.com,(509) 731-7703,"5109 Boulder Way
Yakima, WA 98901",no website
Motions General Construction,no email,(509) 952-3156,"4304 Ahtanum Rd
Yakima, WA 98903",http://motionconstruction.homestead.com/
New Castle Systems,mailto:ncsystems@outlook.com,(509) 317-8824,"12504 Wide Hollow Rd
Yakima, WA 98908",no website
SC Design - Architectural Designer,no email,(509) 607-0300,"1355 Cook Rd
Yakima, WA 98908",http://www.stevesenger.com/
Joe Park Construction,mailto:jpc@joeparkconstruction.com,(509) 452-5122,"405 W Walnut St
Yakima, WA 98902",http://joeparkconstruction.com/
Berg Remodeling and Homes,no email,(509) 966-9510,"10902 Occidental Rd
Yakima, WA 98903",no website
Gradco Construction,no email,(509) 966-7655,"5400 W Washington Ave
Yakima, WA 98903",no website
"Billings Home Design & Construction, Inc.",mailto:pbsfxr@yahoo.com,(509) 961-8969,"1031 Weikel Rd
Yakima, WA 98908",no website
R J's Construction,no email,(509) 895-7725,"22 N 1st Ave
Yakima, WA 98902",no website
"All Services, Inc.",no email,(509) 248-0440,"905 Lindy Ln
Yakima, WA 98901",http://allservicesteelbuildings.com/
Sabari Enterprises - Pine Shop,no email,(509) 452-8247,"222 S Front St
Yakima, WA 98901",no website
G H Moen,no email,(509) 248-0740,"516 S 5th Ave
Yakima, WA 98902",https://www.heritageyakima.com/
A.F. Corporation,no email,(509) 453-4101,"3601 W Washington Ave Suite 18
Yakima, WA 98903",no website
Ground Piercing Incorporated,no email,(509) 575-1718,"1101 Industrial Way
Yakima, WA 98903",https://www.groundpiercing.com/contact.html
Michael P Alamos Construction,mailto:alamosclan103@gmail.com,(509) 930-4851,"103 N 54th Ave
Yakima, WA 98908",no website
Icon Northwest,no email,(509) 930-0741,"6805 Oliver Dr
Yakima, WA 98901",no website
F4L Construction,mailto:f4lconstruction@gmail.com,(509) 910-6189,"901 S 72nd Ave Apt 246
Yakima, WA 98908",no website
K5 Contracting Inc,no email,(509) 388-6401,"881 N Galloway Dr
Yakima, WA 98908",no website
Gardens Gate Enterprises,no email,(509) 452-1367,"234 S Clark Heights Rd
Yakima, WA 98901",no website
Rowland Construction,mailto:jimrow@mindspring.com,(509) 966-9950,"8100 Bachelorview Dr
Yakima, WA 98903",no website
Lacaille Construction,no email,(509) 966-4880,"626 Pleasant Valley Rd
Yakima, WA 98908",no website
Elliott & Sons Construction Inc,mailto:wonilou@aol.com,(509) 966-3746,"11721 Zier Rd
Yakima, WA 98908",no website
Delta Building Services,no email,(509) 452-2282,"25 S 3rd St
Yakima, WA 98901",no website
Joe Park Construction,mailto:jpc@joeparkconstruction.com,(509) 452-5122,"1004 N 6th Ave
Yakima, WA 98902",http://www.joeparksconstruction.com/
Castle Fencing Co.,no email,(509) 823-8494,"1304 Fruitvale Blvd
Yakima, WA 98902",no website
Nob Hill Realty,no email,(509) 248-2032,"2112 W Nob Hill Blvd
Yakima, WA 98902",no website
Vga Professional Contrac,no email,(509) 426-2190,"1430 Summitview Ave
Yakima, WA 98902",no website
PAPE Machinery Construction & Forestry,no email,(509) 248-7910,"2209 Terrace Heights Dr
Yakima, WA 98901",http://construction.papemachinery.com/
A1 Construction of Yakima,no email,(509) 248-7339,"1121 E Mead Ave
Yakima, WA 98903",http://www.a-1construction.net/
Kitt Construction & Development,no email,(509) 834-7888,"2711 River Rd
Yakima, WA 98902",https://www.kittconstruction.com/contact-us
Contracted Provider Services,no email,(509) 949-6911,"3211 Summitview Ave
Yakima, WA 98902",no website
Granite Construction Company,no email,(509) 454-8500,"80 Pond Rd
Yakima, WA 98901",http://graniteconstruction.com/
Andy Haralson-Home Office,no email,(509) 225-9576,"12011 Marble Rd
Yakima, WA 98908",no website
Vaughn Bay Construction,no email,(509) 469-0182,"308 E Yakima Ave
Yakima, WA 98901",https://vaughnbayconstruction.com/
Pleasant Ridge Construction,no email,(509) 203-6073,"401 W Walnut St
Yakima, WA 98902",https://pleasantridgeconstruction.com/
Rodarte Construction Inc,no email,(509) 874-2111,"611 W A St
Yakima, WA 98902",no website
Sealant Specialists Seco,no email,(509) 248-7900,"515 S 5th Ave
Yakima, WA 98902",https://www.sealantspecialists.com/locations/yakima
Alvarez & Friends Construction,no email,(509) 654-3887,"108 S 7th Ave
Yakima, WA 98902",no website
Paragon Northwest,no email,(509) 571-1089,"1123 N 6th Ave
Yakima, WA 98902",https://artisaninc.net/
Bravo Builders,no email,(509) 834-1325,"1610 N 1st St
Yakima, WA 98901",no website
S & R General Contractors,no email,(509) 249-2912,"1314 1/2 S 9th Ave
Yakima, WA 98902",no website
Miami Construction,mailto:prideconstruction.85@gmail.com,(509) 910-9083,"912 N 20th Ave
Yakima, WA 98902",no website
Systems West Inc,no email,(800) 572-9662,"1705 S 24th Ave
Yakima, WA 98902",http://systemswest.org/
Cwhba,no email,(509) 454-4006,"3301 W Nob Hill Blvd
Yakima, WA 98902",http://www.cwhba.org/
F & M Construction Co,no email,(509) 248-0444,"1242 Ahtanum Ridge Dr
Yakima, WA 98903",https://fandmconstruction.com/contacts
Yadon Construction,mailto:joe@mbiyakima.com,(509) 457-1300,"2009 Ahtanum Rd
Yakima, WA 98903",http://www.yadon.com/
Stephens & Sons Construction Inc,no email,(509) 457-6426,"417 S 51st Ave
Yakima, WA 98908",http://stephensandsonsinc.com/
"SF Construction, Inc.",mailto:joel.beath@mail.rainbowintl.com,(509) 248-5400,"7700 Ryegrass Rd
Yakima, WA 98903",http://sfconstruction.net/
TTC Construction,mailto:ajheckart@msn.com,(509) 457-3969,"12871 Summitview Rd
Yakima, WA 98908",https://www.ttcexcavation.com/
Friendship Builders,mailto:busterson2@yahoo.com,(509) 972-0390,"330 Vaughn Rd
Yakima, WA 98908",https://www.friendshipbuildersyakima.com/
Buron,no email,(509) 965-5323,"14203 Wide Hollow Rd
Yakima, WA 98908",no website
Billings Home Design & Construction,no email,(509) 961-8969,"1571 N Cottonwood Rd
Yakima, WA 98908",no website
Nano Construction,no email,(509) 300-3880,"Yakima, WA 98902",no website
Pape Machinery Construction & Forestry,no email,(509) 248-5637,no address,http://construction.papemachinery.com/
DJ Turner Construction Company,no email,(509) 457-4838,"203 N 93rd Ave
Yakima, WA 98908",no website
Arreola Construction Inc,mailto:arreolainc@gmail.com,(509) 307-4538,"2402 S 16th Ave
Yakima, WA 98903",no website
Summit Crest Construction,no email,(509) 966-6060,"4702 Summitview Ave
Yakima, WA 98908",https://www.summitcrestconstruction.com/
Diversified Builders,mailto:timeglin@diversifiedbuilders.org,(509) 575-3736,"3904 Isabella Way
Yakima, WA 98901",no website
Fred Seals Construction Inc,no email,(509) 575-3848,"2705 S 5th Ave
Yakima, WA 98903",no website
Artisan Inc,no email,(509) 452-6465,"651 N Keys Rd
Yakima, WA 98901",http://artisaninc.net/
Sar Construction Company Inc,no email,(509) 452-3434,"405 N 34th St
Yakima, WA 98901",no website
McCarl Construction & Excavating,no email,(855) 887-6041,"15151 Cottonwood Canyon Rd
Yakima, WA 98908",no website
Rescue Construction and Restoration,mailto:Mark@rescueconstructionandrestoration.com,(509) 949-4441,"Yakima, WA 98901",http://rescueconstructionandrestoration.com/
Baxter Construction,mailto:darren@baxterconstruction.net,(509) 452-2464,"2521 River Rd
Yakima, WA 98902",http://www.baxterconstruction.net/
DH Construction & Associates,mailto:dereck@dhconstructioninc.com,(509) 457-4233,"1611 Perry St
Yakima, WA 98902",http://dhconstructioninc.com/
D-1 Roofing,mailto:d1roofingllc@gmail.com,(509) 424-8196,"2807 W Washington Ave Ste 118
Yakima, WA 98903",http://www.d-1roofingllc.net/
Paint Smith Co,mailto:bob@paintsmith.com,(509) 453-5555,"1017 N 6th Ave
Yakima, WA 98902",https://www.paintsmith.com/
Hiline Homes of Yakima,mailto:Info.Yakima@HiLineHomes.com,(509) 215-7853,"8301 Annalisa Ln
Yakima, WA 98908",https://www.hilinehomes.com/
Paul's AIR FX,no email,(509) 225-3420,"506 S 2nd Ave
Yakima, WA 98902",https://www.paulsairfx.com/
"Western Materials, Inc.",mailto:amartinkus@westernmaterials.com,(509) 575-3000,"1202 S 1st St
Yakima, WA 98901",http://wmincyakima.com/
Willy's Roofing,no email,(509) 949-4665,"502 E Arlington St Unit 3
Yakima, WA 98901",https://willysroofingllc.com/
Gamache Construction,mailto:jonathan.gamarche@yahoo.com,(509) 930-1387,"222 S 16th Ave
Yakima, WA 98902",http://www.gamacheconstructionllc.com/
Thunder Electric Inc.,mailto:office@thunderelectric.com,(509) 575-8362,"704 River Rd
Yakima, WA 98902",https://www.thunderelectric.com/
Home Services at The Home Depot,no email,(509) 396-2809,"2115 S 1st St
Yakima, WA 98903",https://www.homedepot.com/l/Yakima/WA/Yakima/98903/4727/services?cm_mmc=old-llm-4727-x
Inline Steel Fabricators Inc,no email,(509) 248-4554,"2506 S 26th Ave
Yakima, WA 98903",http://inlinesteel.com/
United Painting,mailto:Landon@paintingunited.com,(509) 654-5667,"710 Lynch Ln
Yakima, WA 98903",no website
A+ Construction,mailto:aplusofyakima80@live.com,(509) 941-9860,"514 N 2nd St
Yakima, WA 98901",no website
"United Builders of Washington, Inc.",mailto:chani@unitedbuilders.net,(509) 248-6321,"6721 Easy St
Yakima, WA 98903",no website
Noel Building,no email,(509) 248-6005,"117 N 3rd St
Yakima, WA 98901",https://lawyers.findlaw.com/profile/view/2589447_1
"A-1 Construction of Yakima, Inc.",mailto:sergio@a-1construction.net,(509) 248-7339,"1901 E Mead Ave
Yakima, WA 98903",no website
Hohmanns Construction,no email,(509) 823-4661,"1903 Englewood Ave
Yakima, WA 98902",no website
Yakima Plan Center,no email,(509) 457-4271,"528 N 20th Ave
Yakima, WA 98902",no website
Steel Structures America Inc,no email,(509) 426-2100,"1308 E Nob Hill Blvd
Yakima, WA 98901",http://www.findssa.net/
PRO Insulation,no email,(509) 452-8124,"1301 E Mead Ave
Yakima, WA 98903",no website
Caldwell Home Inspections,no email,(509) 965-5007,"PO Box 8155
Yakima, WA 98908",no website
Dauenhauer Painting,no email,(509) 966-1058,"3804 Tieton Dr
Yakima, WA 98902",https://dauenhauerpainting.com/contact
Chervenell Construction,no email,(509) 571-1550,"6305 W Chestnut Ave
Yakima, WA 98908",no website
Heilman B Construction,no email,(509) 575-1707,"2728 Birchfield Rd
Yakima, WA 98901",no website
Todd Lee,no email,(509) 453-4753,"213 S 80th Ave
Yakima, WA 98908",no website
Roy Construction,no email,(509) 966-9250,"2007 S 76th Ave
Yakima, WA 98903",no website
Top Tier Construction,no email,(509) 426-2926,"10607 Wide Hollow Rd
Yakima, WA 98908",no website
Construction Estimates,no email,(509) 426-2235,"1120 W Lincoln Ave
Yakima, WA 98902",no website
Gemini Glass Co,mailto:theframeshop2015@gmail.com,(509) 902-1121,"809 S 3rd Ave Apt 2
Yakima, WA 98902",no website
Mmz Construction,no email,(509) 952-1485,"619 Queen Ave
Yakima, WA 98902",no website
Moen Gh,no email,(509) 248-0740,"1516 S 5th Ave
Yakima, WA 98902",no website
Stripe Rite,mailto:garth@striperite.com,(509) 248-7233,"2200 Industry Ln
Yakima, WA 98901",http://striperite.com/locations/yakima/?utm_source=gmb&utm_medium=organic&utm_campaign=yakima+office
Beacon Building Products,no email,(509) 453-7663,"5 W Washington Ave
Yakima, WA 98903",https://www.becn.com/
Landmark Care & Rehabilitation,no email,(509) 248-4102,"710 N 39th Ave
Yakima, WA 98902",http://www.angieslist.com/companylist/us/wa/yakima/landmark-care-ctr-reviews-5119150.htm
Paul's Air F/X Ltd,mailto:paul@paulsairfx.com,(509) 225-3420,"3714 W Nob Hill Blvd
Yakima, WA 98902",https://www.paulsairfxpros.com/
Dh Construction & Development,no email,(509) 972-3255,"4301 Tieton Dr
Yakima, WA 98908",no website
Childers Home Improvements,no email,(509) 453-6634,"4705 Avalanche Ave
Yakima, WA 98908",no website
Wide Hollow Development LCC,no email,(509) 728-1039,"3801 W Washington Ave
Yakima, WA 98903",no website
Kitt Construction and Development,no email,(509) 426-2145,"5010 W Chestnut Ave
Yakima, WA 98908",no website
Construction Estimates,no email,(509) 426-2235,"5205 Douglas Dr
Yakima, WA 98908",no website
Bullseye Carpentry,no email,(509) 249-1040,"1716 Parsons Loop
Yakima, WA 98908",no website
Advantage Painting Inc,mailto:scott@advpaint.com,(509) 225-9173,"9301 Apple Tree Parkway
Yakima, WA 98903",http://www.advpaint.com/
McNamara Construction Inc,no email,(509) 965-7665,"1230 Pleasant Valley Rd
Yakima, WA 98908",https://www.mcnamarapools.com/
Eells & Eells Construction Inc,no email,(509) 965-0622,"1045 Hillman Rd
Yakima, WA 98908",no website
Quality Painting,no email,(509) 833-2024,"99 Westland Dr
Yakima, WA 98908",no website
Painting by Lewis Grubbs,no email,(509) 965-2638,"7 N 93rd Ave
Yakima, WA 98908",no website
V K Powell Construction LLC,mailto:janelle@vkpowell.com,(509) 248-8148,"1521 Voelker Ave
Yakima, WA 98902",http://www.vkpowell.com/
Chicos Construction,mailto:adobeconstruction1@hotmail.com,(509) 961-1438,"712 S 41st St
Yakima, WA 98901",no website
Kline Construction & Associates,mailto:akline54@yahoo.com,(509) 575-7775,"407 W I St
Yakima, WA 98902",http://www.klinellc.com/
A F General Contractors,no email,(509) 985-8039,"3601 W Washington Ave
Yakima, WA 98903",no website
F & M Construction,mailto:jennf@fandmconstruction.com,(509) 248-0444,"215 Keys Rd
Yakima, WA 98901",http://www.fandmconstruction.com/
R P Lewis Construction Co,no email,(509) 453-1094,"2711 River Rd
Yakima, WA 98902",http://www.reedconstructiondata.com/
Kanacero,no email,(509) 654-9694,"10 1/2 E Washington Ave
Yakima, WA 98903",no website
Aloha PRO Construction,no email,(509) 972-4587,"1510 W Washington Ave
Yakima, WA 98903",no website
Mark Helms Construction,no email,(509) 697-9661,"601 Harrison Rd
Selah, WA 98942",http://www.markhelmsconstruction.com/
Johnny Medrano Construction Co,no email,(509) 697-5804,"130 Hovde Ln
Selah, WA 98942",no website
Timbermountaininvestments,mailto:mikelundberg5@aol.com,(509) 952-8217,"453 Rosenkranz Rd
Tieton, WA 98947",no website
Rockwell Bilt,no email,(509) 697-3193,"961 Selah Loop Rd
Selah, WA 98942",no website
DLT Construction,mailto:dlt@dltllc.net,(509) 877-3955,"219 W 1st St
Wapato, WA 98951",http://dltllc.net/
Cornerstone Contractors Inc,mailto:cstonecontractors@fairpoint.net,(509) 698-3578,"718 Longmire Ln
Selah, WA 98942",no website
Garner Construction,no email,(509) 697-3019,"81 Mapleway Rd
Selah, WA 98942",no website
Valley View Construction,mailto:mossy_green@hotmail.com,(509) 469-0459,"4114 2nd St
Union Gap, WA 98903",no website
Sodorff Construction,no email,(509) 653-2062,"8450 S Naches Rd
Naches, WA 98937",no website
Richart Family Inc,no email,(509) 469-4970,"2605 S 14th Ave
Union Gap, WA 98903",http://www.richartbuilders.com/
Dick Huber Construction Inc,no email,(509) 697-9181,"101 N Johnson Rd
Selah, WA 98942",no website
Contractor,no email,(509) 654-2668,"502 Mount Adams St
Moxee, WA 98936",no website
Aho Construction,no email,(509) 575-0087,"708 Citra Ave
Moxee, WA 98936",https://www.ahoconstruction.com/
Imperial Construction,no email,(509) 877-2400,"219 W 1st St
Wapato, WA 98951",http://imperialconstruction.com/
K-5 Contracting Inc,no email,(509) 966-4331,"402 W Washington Ave
Union Gap, WA 98903",https://www.k5contracting.com/contact
Garner Total Facility Supply,no email,(509) 961-7723,"619 S 1st St
Selah, WA 98942",no website
Alpinestar Construction,no email,(509) 961-0173,"902 Blitz Ln
Selah, WA 98942",no website
Dick Huber Construction Inc,no email,(509) 697-9181,"1105 Terry Ln
Selah, WA 98942",no website
BTS Custom Homes,no email,(509) 697-5035,"168 Sole Rd
Selah, WA 98942",no website
R-N-R Construction,no email,(509) 941-7957,"430 Hoffman Rd
Selah, WA 98942",no website
Bernhardts Installation,no email,(509) 965-8229,"60 Bertsch Cir
Naches, WA 98937",no website
Jal Construction,no email,(509) 248-3096,"312 S Holly Dr
Moxee, WA 98936",no website
Acam Construction,no email,(509) 381-7857,"360 Collins Rd
Selah, WA 98942",no website
R & R Contractors,no email,(509) 895-9349,"220 Rosenkranz Rd
Tieton, WA 98947",https://rrcontractorsnw.com/
Tri -Valley Construction Inc,mailto:rhuylar@aol.com,(509) 452-4098,no address,http://tri-valleyconstructioninc.com/
Torkelson Construction Inc,no email,(509) 697-3305,no address,https://www.consolidated.com/
Dan's the Man,no email,(509) 965-5706,no address,no website
"Patrick Construction, Inc",mailto:kpatrickcontractor@msn.com,(509) 961-9706,"318 Sinclair Ave
Naches, WA 98937",no website
Cornerstone Contractors Inc,no email,(509) 698-3578,"PO Box 1117
Naches, WA 98937",https://cornerstonehomeswa.com/
Harris Construction,no email,(509) 673-7300,"770 Kail Rd
Tieton, WA 98947",http://www.harrisconstructionllc.com/
"Chinook Pass Outfitters & Guides, Inc",no email,(509) 653-2633,"10821 Old Naches Hwy
Naches, WA 98937",https://chinookpassoutfitters.com/
Cougar Creek Construction,no email,(509) 848-2799,"PO Box 418
Harrah, WA 98933",no website
Pride Construction,mailto:prideconstruction.85@gmail.com,(509) 901-1401,no address,https://prideconstructionyakima.com/?utm_source=omg-listings&utm_medium=webclick
American Home Construction,mailto:americanhome2018@gmail.com,(509) 910-4869,no address,http://americanhomeconstruction.net/
Sisk Construction,mailto:dalesisk@live.com,(509) 576-8694,no address,no website
Ras Contracting Corp,no email,(509) 697-8714,no address,no website
CJM Painting,no email,(509) 969-0577,no address,no website
Junt D P Construction,no email,(509) 966-4639,no address,no website
Cannon Jak,no email,(509) 961-6823,no address,no website
Scout Lake Construction,mailto:chumleykm@elltel.net,(509) 698-0752,no address,http://scout-lake.com/contact-us
Joe Kelly Construction,no email,(509) 453-7466,no address,https://joekellyhomes.com/
K-5 Contracting,no email,(509) 877-6022,no address,http://k5contracting.com/
Kraft Construction,no email,(509) 966-3009,no address,no website
AAA Maxxum Construction,no email,(509) 930-7939,no address,no website
Swanson Homes,no email,(509) 965-0980,no address,no website
Columbia River Steel & Construction Inc,no email,(509) 882-9973,no address,no website
Mr Construction,no email,(509) 853-9810,no address,no website
Butler Construction,no email,(509) 901-0108,no address,no website
Above the Level Construction,no email,(509) 840-0503,no address,no website
Rave Construction A,no email,(509) 833-2676,no address,no website
Dream Home Construction Now,no email,(509) 949-8959,no address,http://www.dhcnow.com/
Michael's Complete Renovations,no email,(509) 759-0375,no address,no website
Stevenson Greg Construction,no email,(509) 673-4710,"911 Beffa Rd
Tieton, WA 98947",no website
"G&H Roofing, Inc.",mailto:josh@ghroofinginc.com,(509) 966-9371,"2526 S. 12th Ave
Union Gap, WA 98903",no website
Comfort Pro's Heat and Air,mailto:comfortpros.hvac@gmail.com,(509) 902-7130,"2701 S 5th Ave
Union Gap, WA 98903",http://comfortprosheatandair.com/
Fisher 101,mailto:djfisherconstruction@gmail.com,(509) 424-6072,"161 Winquest Ln
Selah, WA 98942",https://www.djfisherconstruction.com/
Yakima Roofing & Remodeling,mailto:brandonyakimarr@gmail.com,(509) 907-7206,"811 Lewis Rd
Naches, WA 98937",http://www.yakimaroofingandremodeling.com/
"Lacy Roofing, Inc.",no email,(509) 965-0256,"1904 Rudkin Rd
Union Gap, WA 98903",no website
Cuyle Construction,no email,(509) 697-3506,"1081 Selah Heights Rd
Selah, WA 98942",no website
RJS Construction Inc,mailto:rjs@rjsconst.com,(509) 452-0857,"1618B Rudkin Rd
Union Gap, WA 98901",https://www.rjsconst.com/
JV1 Construction,mailto:jvalencia_vale@yahoo.com,(509) 307-9899,"3306 3rd St
Union Gap, WA 98903",no website
Contractor,no email,(509) 949-4200,"703 S 5th St
Selah, WA 98942",no website
Garner Construction,no email,(509) 961-7723,"619 S 1st St
Selah, WA 98942",no website
Garner Construction,no email,(509) 697-3019,"PO Box 879
Selah, WA 98942",no website
Hoydar Buck Inc,no email,(509) 697-8800,"210 W Orchard Ave
Selah, WA 98942",no website
Advantage Painting Inc,no email,(509) 697-5567,"1607 Cedar Ln
Selah, WA 98942",http://www.advpaint.com/
Douglas Carpentry & Construction,no email,(509) 698-6393,"261 W Taylor Rd
Selah, WA 98942",https://www.douglasfarms.org/
Arrow Electric,no email,(509) 697-6956,"155 Rankin View Ln
Selah, WA 98942",http://arrowelectric.com/
AbleGate Homes,no email,(509) 834-7077,"3757 N Wenas Rd
Selah, WA 98942",http://www.ablegatehomes.com/
"Wheeler, Delbert",no email,(509) 877-2058,"250 Cowin Ln
Wapato, WA 98951",no website
"Leslie & Campbell, Inc",mailto:dan@leslieandcampbell.com,(509) 453-0089,"506 Ahtanum Rd
Union Gap, WA 98903",no website
Specialty Finishes NW,no email,(509) 697-4001,"PO Box 250
Selah, WA 98942",no website
Bruner Painting Inc,no email,(509) 697-9440,"60 Koda Dr
Selah, WA 98942",http://brunerpainting.com/
Interstate Sawing & Drilling,no email,(509) 834-2044,"2455 Beaudry Rd
Moxee, WA 98936",no website
GFI Construction,no email,(509) 697-6189,"270 Adobe Way
Selah, WA 98942",no website
Gary J. Trepanier Excavating,mailto:gtoffice@centurytel.net,(509) 678-4769,"130 Trepanier Ln
Tieton, WA 98947",no website
Michael Murphy Construction,no email,(509) 678-5159,"941 Old Cowiche Rd
Cowiche, WA 98923",no website
Circle J Construction,no email,(509) 653-2549,"12182 Old Naches Hwy
Naches, WA 98937",no website
H & R Construction,no email,(509) 945-7652,"PO Box 133
Harrah, WA 98933",no website
Muffett & Sons Fencing,no email,(509) 877-4905,"7560 Yakima Valley Hwy
Zillah, WA 98953",no website
Advanced Home Repair,no email,(509) 697-5300,no address,no website
RAM CONSTRUCITON,mailto:ramconstructionlandscaping@gmail.com,(509) 314-0644,no address,no website
Columbia Plateau Roofing,no email,(509) 469-0695,no address,http://www.cproofing.com/
Hammermaster Homes,no email,(509) 439-9795,no address,http://hammermaster.tripod.com/
Trudeau's Northwest Roofing and Construction,mailto:trudeau.nwroofing@gmail.com,(509) 837-6755,no address,https://trudeausnorthwestroofing.com/contact
MB Flooring,mailto:Mbflooring@mac.com,(509) 945-1035,no address,https://www.mbflooringyakima.com/
Indoor Air Solutions,mailto:shannon@indoorairyakima.com,(509) 697-7713,no address,http://indoorairyakima.com/
A Quality Roof Now,mailto:info@aqualityroofnow.com,(509) 439-1783,no address,https://aqualityroofnow.com/
Do It All Handymen,mailto:ahoyfishandchips913@gmail.com,(509) 643-7470,no address,https://doitallhandymenllc.com/
P & Z Construction,no email,(509) 577-1535,no address,no website
Envizage Development Group,no email,(509) 966-8415,no address,http://www.envizagegroup.com/
Mountain States Construction Co,no email,(509) 837-6801,no address,no website
Integrity Restoration,mailto:darell@integrityrestorations.us,(509) 829-5905,no address,http://www.theintegrityfamily.com/
L & P Contractors,no email,(509) 930-5274,no address,no website
Houfek Construction,no email,(509) 965-3925,no address,no website
Complete Quality Construction,no email,(509) 837-5218,no address,no website
Integrity Construction,mailto:bamb0805@gmail.com,(509) 895-9864,no address,no website
Cesars Pacific NW Construction Co,no email,(509) 480-4806,no address,no website
Scott Brothers Custom Carpentry,no email,(509) 594-7929,no address,no website
Madelyn International,no email,(509) 833-1800,no address,no website
Corbin Enterprises,no email,(509) 952-1723,no address,no website
Senger Construction,no email,(509) 574-7774,no address,no website
Fonseca Construction,no email,(509) 830-0987,no address,no website
Bourgeois Bill & Sandy,no email,(509) 877-4471,no address,no website
Best Fit Bath,no email,(509) 882-2284,no address,http://www.bestfitbath.com/
Superior Roofing,no email,(509) 426-4206,no address,no website
Halal Hardwoods,no email,(509) 945-0500,no address,http://www.halalhardwoods.com/
A-1 Painting,no email,(509) 597-3126,no address,no website
Tolman Electric,mailto:tolmanelectric@yahoo.com,(509) 831-2808,no address,no website
Kline Construction & Associates,no email,(509) 697-6624,no address,no website
Clean Image Services,mailto:josh@cleanandrestore.info,(509) 457-9228,no address,http://www.cleanandrestore.info/
Hutchinson Electric Inc.,mailto:mhutch56@gmail.com,(509) 837-6551,no address,no website
All Valley Sheet Metal,mailto:greg@alvalsm.net,(509) 249-6255,no address,https://uppervalleyheatingandair.com/contact-us
McClean Enterprises,no email,(509) 966-0184,no address,no website
"Utilities Plus, LLC",mailto:utilitiesplus07@yahoo.com,(509) 945-9840,no address,http://www.utilitiesplusllc.com/
Elliott Mike Construction,no email,(509) 454-1194,no address,no website
Systems West LLC,mailto:info@systemswest.us,(509) 902-3351,"1800 Presson Pl
Yakima, WA 98903",http://systemswest.org/
Cliffs Septic,mailto:cliffsseptic@hotmail.com,(509) 902-3314,"602 Ahtanum Road
Yakima, WA 98903",https://www.cliffs-septic.com/contact-us
Spencer Roofing,mailto:kspencerroofing@hotmail.com,(509) 902-3722,"11117 Summitview Rd
Yakima, WA 98908",http://www.spencerroofing.co/
New Creation Construction,mailto:katie@newcreationconst.com,(509) 902-3652,"171 Willowlawn Rd
Yakima, WA 98908",http://www.newcreationconst.com/
Bradford Plumbing,no email,(509) 317-9777,"1009 N 16th Ave
Yakima, WA 98902",http://bradfordplumbing.com/
Eagle Building Pros,no email,(509) 574-7774,no address,no website
ASAP Marketplace,mailto:Sales@asapsiteservices.com,(888) 489-0482,no address,https://www.asapsiteservices.com/portable-toilet-rentals/
Pac Vac Sweeping & Striping,mailto:dan_brown59@hotmail.com,(509) 877-2812,"2851 McDonald Rd
Wapato, WA 98951",no website
ASAP Marketplace,no email,(888) 223-8095,"Bensenville, IL 60106",https://www.asapsiteservices.com/
Cliff's Septic Tank & Sewer,mailto:dalrymplehsd@embarqmail.com,(509) 877-9086,"1536 Sunnyside Mabton Road
Sunnyside, WA 98944",http://www.cliffssepticservice.com/
Dodge Foam & Coatings Inc,mailto:dodgefoamcoatings@gmail.com,(509) 268-2695,"6461 W Powerhouse Rd
Yakima, WA 98908",no website
"Rain Pro Construction / Yakima, LLC",mailto:rainpro@ymail.com,(509) 952-7709,"Yakima, WA 98908",http://rainproyakima.com/
Pendleton Excavating & Paving,mailto:ron@pendletonexcavatingandpaving.com,(509) 697-7066,"5910 W Lincoln Ave Apt 4
Yakima, WA 98908",http://www.pendletonexcavatingandpaving.com/
"Lake Shore Electric, Inc.",mailto:billjr@lakeshoreelectric.com,(509) 965-4281,"9702 Tieton Dr
Yakima, WA 98908",http://www.lakeshoreelectric.com/
Action Rooter,mailto:absolutedrain@netzero.com,(509) 575-1331,"2020 S 10th Ave
Yakima, WA 98903",http://www.absolutedrainandseptic.com/
Town & Country Siding & Windows,mailto:hershelcorbin@gmail.com,(509) 697-3018,"Yakima, WA 98902",https://www.tcswinc.com/
Town & Country Seamless Gutters,mailto:hershelcorbin@gmail.com,(509) 591-0209,"Yakima, WA 98902",no website
Heether Construction,mailto:heetherconst@aol.com,(509) 575-0423,"Yakima, WA 98901",https://www.heetherconstruction.com/
Yakima Welders Supply,mailto:bruner5@neofast.net,(509) 453-7627,"710 W Valley Mall Blvd
Union Gap, WA 98903",http://yakimawelderssupply.com/
"Custom Tile Works, Inc",mailto:johnm@ctwinc.net,(509) 697-7028,"110 W Naches Ave
Selah, WA 98942",http://www.customtileworkshome.com/
Rick Poulin Well Drilling,mailto:rpdrilling@yahoo.com,(509) 697-4841,"1301 Lancaster Rd
Selah, WA 98942",no website
Nano Construction,mailto:acuevas@gmail.com,(509) 930-5803,"6806 East Beauchene Road
Moxee, WA 98936",no website
Jason Tucker Excavating 1,mailto:jasontuckerexcavating@gmail.com,(509) 930-6063,"40 Dilley Rd
Tieton, WA 98947",no website
MSI Construction Inc.,mailto:jim@msicontruction.com,(509) 457-3634,"1507 S 18th Ave
Yakima, WA 98902",https://msiconstruction.com/
Traditional Designs,mailto:office@traditionaldesignsinc.com,(509) 452-7604,"410 W Chestnut Ave
Yakima, WA 98902",http://www.traditionaldesignsinc.com/
American Home Construction LLC,no email,(509) 833-1876,"1001 E mead Ave
Yakima, WA 98903",http://americanhomeconstruction.net/
Action Rooter,mailto:absolutedrain@netzero.com,(509) 575-1331,"Po Box 10525
Yakima, WA 98909",no website
Wimberly and Sons,no email,(509) 966-9409,"3271 Mapleway Rd
Yakima, WA 98908",https://www.facebook.com/pages/wimberley-and-sons/162918100393723
G&G Remodeling,no email,(509) 388-3801,"623 S 10th Ave
Yakima, WA 98902",no website
HiLine Homes of Yakima,mailto:Info.Yakima@HiLineHomes.com,(509) 215-7853,"8301 Annalisa Ln
Yakima, WA 98908",https://www.hilinehomes.com/
Tri-Ply Construction,mailto:charliee@triply.com,(509) 453-6581,"106 W Pine St
Yakima, WA 98902",http://www.triply.com/
Lexar Homes,no email,(509) 575-1722,"2410 Terrace Heights Dr
Yakima, WA 98901",http://www.lexarhomes.com/office/lexar-homes-yakima.aspx
Northwest Structures LLC,no email,(855) 655-7697,"5305 Englewood Ave
Yakima, WA 98908",no website
Mjd Enterprises,no email,(509) 249-1722,"1309 S 18th St
Yakima, WA 98901",no website
Osprey Construction,no email,(509) 453-2550,"3701 Gun Club Rd
Yakima, WA 98901",no website
Jr Construction,no email,(509) 961-8854,"525 Justice Dr
Yakima, WA 98901",no website
Francisco's General Contractor,no email,(509) 910-5986,"1109 S 96th Ave
Yakima, WA 98908",no website
Elite Homes of Yakima Inc,no email,(509) 453-3887,"1819 S 4th Ave
Yakima, WA 98902",no website
United Builders,no email,(509) 453-0140,"415 W Washington Ave
Yakima, WA 98903",no website
Halo Construction,no email,(509) 834-2049,"1811 S 11th Ave
Yakima, WA 98902",no website
M & B Construction,no email,(509) 728-1260,"PO Box 11080
Yakima, WA 98909",no website
Best Homes Realty,mailto:troy@besthomesrealty.net,(509) 225-4663,"1023 S 32nd Ave
Yakima, WA 98902",https://local.yakimaherald.com/yakima-wa/best-homes-and-land-realtors-troy-allen-509-952-5561
West Valley Nursing Homes Inc,no email,(509) 966-6240,"3801 Summitview Ave
Yakima, WA 98902",https://www.humangood.org/living-care/contact
L M Construction,no email,(509) 969-1543,"802 N 40th Ave
Yakima, WA 98908",no website
Columbia Ridge Homes,no email,(509) 966-2863,"404 S 51st Ave
Yakima, WA 98908",https://www.columbiaridgehomes.com/contact-us
